Species	Common.name	order	Species_Lintulaakso_et_al	diet_cluster_name	diet_quality	cp	ee	cf	ash	nfe	calculated_species_main_diet	PC1	PC2	PC1_scaled	PC2_scaled
Sus domesticus	Domestic pig	Artiodactyla	Sus scrofa	Browser-Rootivore	4.2	12.92185	4.06591	18.41128	9.56317	55.03775	Frugivore	-8.90399072433945	5.42847964048577	-0.351041075950703	0.774982124982971
Sus scrofa	European wild pig	Artiodactyla	Sus scrofa	Browser-Rootivore	4.2	12.92185	4.06591	18.41128	9.56317	55.03775	Frugivore	-8.90399072433945	5.42847964048577	-0.351041075950703	0.774982124982971
Ovis aries	Domestic sheep	Artiodactyla	Ovis aries	Grazer-Browser	2.9	12.19316	2.3744	27.85431	9.73788	47.84024	Herbivore	-7.92513344217327	-6.52301242082621	-0.312449491101619	-0.931240119145005
Equus caballus	Domestic horse	Perissodactyla	Equus caballus	Grazer	4.1	10.65744	2.38335	29.64453	8.93891	48.37576	Herbivore	-9.9046640426196	-7.9098226059155	-0.390492761065782	-1.12922430170931
Muntiacus muntjak	Indian muntjac	Artiodactyla	Muntiacus muntjak	Browser-Frugivore	5	13.31479	5.6142	14.59954	8.08755	58.38392	Frugivore	-9.43749640128808	10.5477378969678	-0.372074611660697	1.50581910046992
Giraffa camelopardalis	Giraffe	Artiodactyla	Giraffa camelopardalis	Browser	5	11.3339	3.13823	25.58103	5.57323	54.37362	Frugivore	-11.9615020817915	-1.2670773051243	-0.471583887582068	-0.180890843749218
Cuniculus paca	Lowland paca	Rodentia	Cuniculus paca	Frugivore-Browser	3.9	10.60653	3.31641	15.61663	10.2546	60.2058	Frugivore	-13.0244926523518	10.2166655502041	-0.513492439058306	1.45855445773191
Otaria flavescens	South American sea lion	Carnivora	Otaria flavescens	Piscivore-Squid-Eater	99.99995	70.5	11.3	1.5	12.6	4	Animalivore	69.9615082872931	-0.899605838916887	2.75824222021832	-0.128429779765833
Acrocodia indica	Malayan tapir	Perissodactyla	Tapirus indicus	Browser-Grazer	4.7	10.12341	3.73429	21.99719	7.64161	56.50351	Frugivore	-12.9667540330975	2.8454567263308	-0.511216085942671	0.406223887047976
Arctocephalus australis	South American fur seal	Carnivora	Arctocephalus australis	Piscivore	5.2	76.94024	10.39008	0.35286	11.56014	0.75659	Animalivore	76.7827881830308	-1.12115824451169	3.02717213132156	-0.160059106106567
Macropus giganteus	Eastern grey kangaroo	Diprotodontia	Macropus giganteus	Grazer	3.9	11.16861	2.36059	29.12389	9.55251	47.79439	Herbivore	-9.00959695450783	-7.71866292852878	-0.355204616301667	-1.1019339105126
Loxodonta africana	African elephant	Proboscidea	Loxodonta africana	Grazer	3.9	8.9086	2.43334	33.74356	7.61827	47.29621	Herbivore	-11.7206789612887	-12.1145534018771	-0.462089402473944	-1.72950125272391
Hippopotamus amphibius	Hippopotamus	Artiodactyla	Hippopotamus amphibius	Grazer	5.3	19.16876	3.96691	28.72915	7.32875	40.80641	Herbivore	1.30687521750788	-10.1822813088109	0.0515237376913719	-1.45364568506893
Ovis ammon	Argali	Artiodactyla	Ovis ammon	Grazer	4.8	13.75303	3.0944	26.95259	9.08458	47.1154	Herbivore	-6.02457291540016	-5.9407267561816	-0.237519627304242	-0.848111690631084
Camelus dromedarius	Arabian camel	Artiodactyla	Camelus dromedarius	Browser-Grazer	4.2	11.69327	3.23701	22.53052	10.03013	52.5091	Herbivore	-9.50833016430624	0.44743529916606	-0.374867242645314	0.0638768830141684
Meles meles	European badger	Carnivora	Meles meles	Vermivore-Carnivore	4.6	58.70442	13.25879	2.44115	11.42515	14.17059	Animalivore	55.128047532862	2.68038716537059	2.17343096147857	0.382658180331703
Dugong dugon	Dugong	Sirenia	Dugong dugon	Browser-Grazer	4.9	15.66575	2.67402	16.13874	10.42347	55.09804	Frugivore	-6.45581182708185	7.5233948296174	-0.254521281532692	1.07405699169594
Orcinus orca	Orca	Artiodactyla	Orcinus orca	Carnivore	4.7	58.10424	20.27461	1.75896	10.25319	9.6087	Animalivore	58.5576787500702	1.4276056935409	2.30864465047219	0.203808242323832
Capreolus capreolus	Roe deer	Artiodactyla	Capreolus capreolus	Browser-Grazer	4.6	11.87004	3.18471	22.59587	9.88679	52.4626	Herbivore	-9.38266079536745	0.377468514960928	-0.369912710250561	0.0538882654467151
Rupicapra rupicapra	Chamois	Artiodactyla	Rupicapra rupicapra	Browser-Grazer	4.6	14.41832	3.12154	23.39875	11.61744	47.44395	Herbivore	-4.63257055703509	-2.66364306181271	-0.182639740213766	-0.380267753947962
Ovibos moschatus	Muskox	Artiodactyla	Ovibos moschatus	Grazer-Browser	4.1	9.72697	3.07464	30.26407	6.87157	50.06277	Herbivore	-11.7766320416841	-7.60888619295474	-0.464295360471077	-1.08626193356083
Pongo pygmaeus	Bornean orangutan	Primates	Pongo pygmaeus	Frugivore-Browser	4.9	14.0531	4.24633	12.40414	10.1851	59.11132	Frugivore	-8.82303625213604	12.7609294275155	-0.347849434595145	1.82177936723527
Marmota marmota	Alpine marmot	Rodentia	Marmota marmota	Browser-Florivore	4.9	12.29211	4.28354	20.27693	8.5824	54.56506	Herbivore	-9.61039158790924	3.55143660307588	-0.378891028503123	0.507011183180518
Papio anubis	Olive baboon	Primates	Papio anubis	Granivore-Frugivore	2.4	17.17402	6.55748	16.95524	5.39171	53.92152	NA	-4.5564375371569	6.62845657049146	-0.179638185288472	0.946293566258475
Diceros bicornis	Black rhino	Perissodactyla	Diceros bicornis	Browser	4.1	11.13674	2.49938	27.36192	8.20743	50.79453	Herbivore	-10.4021691454113	-4.67501381879996	-0.41010696911943	-0.667415627130202
Ceratotherium simum	White rhino	Perissodactyla	Ceratotherium simum	Grazer	5.3	10.12274	2.3037	32.4131	7.64103	47.5194	Herbivore	-10.6151525034288	-10.7726055225742	-0.418503867709374	-1.53792171517489
Cephalophus silvicultor	Yellow-backed duiker	Artiodactyla	Cephalophus silvicultor	Browser-Frugivore	3.2	11.49249	4.17325	16.7114	7.73566	59.88717	Frugivore	-12.4822491263736	9.24529937515967	-0.492114412431844	1.31988000883868
Piliocolobus foai	Central African red colobus	Primates	Piliocolobus foai	Browser-Frugivore	2.5	10.99542	4.47897	18.52198	6.14336	59.86028	Frugivore	-13.361648955799	7.65828360238433	-0.52678487333748	1.09331402030771
Gorilla beringei	Eastern gorilla	Primates	Gorilla beringei	Browser	4.5	12.60358	2.84532	19.11319	12.78136	52.65655	Herbivore	-7.91331823866828	3.50333842866334	-0.311983675055828	0.500144578185626
Equus quagga	Plains zebra	Perissodactyla	Equus burchellii	Grazer	3.6	10.49486	2.50168	29.30311	8.30043	49.3999	Herbivore	-10.5614787700514	-7.10103172796969	-0.416387773286275	-1.01375947273904
Syncerus caffer	African buffalo	Artiodactyla	Syncerus caffer	Grazer	3.9	10.14996	2.59276	30.57153	7.42786	49.25788	Herbivore	-11.1065850652807	-8.28408432779852	-0.437878664989668	-1.18265475806794
Okapia johnstoni	Okapi	Artiodactyla	Okapia johnstoni	Browser-Grazer	3.8	11.75961	3.80114	19.86591	8.66007	55.91328	Herbivore	-10.7655524698765	4.51131049818256	-0.424433407359546	0.644044967998931
